<?xml version="1.0" encoding="UTF-8"?>
<!-- IMPORTANT: This is an internal file that has been generated
     by the Xilinx ISE software.  Any direct editing or
     changes made to this file may result in unpredictable
     behavior or data corruption.  It is strongly advised that
     users do not edit the contents of this file. -->
<DeviceUsageSummary rev="22">
<DesignStatistics TimeStamp="Tue Feb 18 00:38:00 2014"><group name="NetStatistics">
<item name="NumNets_Active" rev="22">
<attrib name="value" value="509"/></item>
<item name="NumNets_Gnd" rev="22">
<attrib name="value" value="1"/></item>
<item name="NumNets_Vcc" rev="22">
<attrib name="value" value="1"/></item>
<item name="NumNodesOfType_Active_BOUNCEACROSS" rev="22">
<attrib name="value" value="17"/></item>
<item name="NumNodesOfType_Active_BOUNCEIN" rev="22">
<attrib name="value" value="78"/></item>
<item name="NumNodesOfType_Active_BUFGOUT" rev="22">
<attrib name="value" value="3"/></item>
<item name="NumNodesOfType_Active_BUFHINP2OUT" rev="22">
<attrib name="value" value="9"/></item>
<item name="NumNodesOfType_Active_CLKPIN" rev="22">
<attrib name="value" value="83"/></item>
<item name="NumNodesOfType_Active_CLKPINFEED" rev="22">
<attrib name="value" value="13"/></item>
<item name="NumNodesOfType_Active_CNTRLPIN" rev="22">
<attrib name="value" value="99"/></item>
<item name="NumNodesOfType_Active_DOUBLE" rev="22">
<attrib name="value" value="506"/></item>
<item name="NumNodesOfType_Active_GENERIC" rev="22">
<attrib name="value" value="46"/></item>
<item name="NumNodesOfType_Active_GLOBAL" rev="22">
<attrib name="value" value="57"/></item>
<item name="NumNodesOfType_Active_INPUT" rev="22">
<attrib name="value" value="38"/></item>
<item name="NumNodesOfType_Active_IOBIN2OUT" rev="22">
<attrib name="value" value="29"/></item>
<item name="NumNodesOfType_Active_IOBOUTPUT" rev="22">
<attrib name="value" value="29"/></item>
<item name="NumNodesOfType_Active_LUTINPUT" rev="22">
<attrib name="value" value="1459"/></item>
<item name="NumNodesOfType_Active_OUTBOUND" rev="22">
<attrib name="value" value="484"/></item>
<item name="NumNodesOfType_Active_OUTPUT" rev="22">
<attrib name="value" value="477"/></item>
<item name="NumNodesOfType_Active_PADINPUT" rev="22">
<attrib name="value" value="14"/></item>
<item name="NumNodesOfType_Active_PADOUTPUT" rev="22">
<attrib name="value" value="17"/></item>
<item name="NumNodesOfType_Active_PINBOUNCE" rev="22">
<attrib name="value" value="310"/></item>
<item name="NumNodesOfType_Active_PINFEED" rev="22">
<attrib name="value" value="1641"/></item>
<item name="NumNodesOfType_Active_QUAD" rev="22">
<attrib name="value" value="191"/></item>
<item name="NumNodesOfType_Active_REGINPUT" rev="22">
<attrib name="value" value="72"/></item>
<item name="NumNodesOfType_Active_SINGLE" rev="22">
<attrib name="value" value="854"/></item>
<item name="NumNodesOfType_Gnd_BOUNCEIN" rev="22">
<attrib name="value" value="15"/></item>
<item name="NumNodesOfType_Gnd_GENERIC" rev="22">
<attrib name="value" value="2"/></item>
<item name="NumNodesOfType_Gnd_HGNDOUT" rev="22">
<attrib name="value" value="9"/></item>
<item name="NumNodesOfType_Gnd_INPUT" rev="22">
<attrib name="value" value="49"/></item>
<item name="NumNodesOfType_Gnd_IOBIN2OUT" rev="22">
<attrib name="value" value="2"/></item>
<item name="NumNodesOfType_Gnd_IOBOUTPUT" rev="22">
<attrib name="value" value="2"/></item>
<item name="NumNodesOfType_Gnd_LUTINPUT" rev="22">
<attrib name="value" value="12"/></item>
<item name="NumNodesOfType_Gnd_OUTBOUND" rev="22">
<attrib name="value" value="5"/></item>
<item name="NumNodesOfType_Gnd_OUTPUT" rev="22">
<attrib name="value" value="5"/></item>
<item name="NumNodesOfType_Gnd_PADINPUT" rev="22">
<attrib name="value" value="2"/></item>
<item name="NumNodesOfType_Gnd_PINBOUNCE" rev="22">
<attrib name="value" value="25"/></item>
<item name="NumNodesOfType_Gnd_PINFEED" rev="22">
<attrib name="value" value="58"/></item>
<item name="NumNodesOfType_Gnd_REGINPUT" rev="22">
<attrib name="value" value="7"/></item>
<item name="NumNodesOfType_Gnd_SINGLE" rev="22">
<attrib name="value" value="9"/></item>
<item name="NumNodesOfType_Vcc_GENERIC" rev="22">
<attrib name="value" value="1"/></item>
<item name="NumNodesOfType_Vcc_HVCCOUT" rev="22">
<attrib name="value" value="38"/></item>
<item name="NumNodesOfType_Vcc_IOBIN2OUT" rev="22">
<attrib name="value" value="1"/></item>
<item name="NumNodesOfType_Vcc_IOBOUTPUT" rev="22">
<attrib name="value" value="1"/></item>
<item name="NumNodesOfType_Vcc_KVCCOUT" rev="22">
<attrib name="value" value="1"/></item>
<item name="NumNodesOfType_Vcc_LUTINPUT" rev="22">
<attrib name="value" value="82"/></item>
<item name="NumNodesOfType_Vcc_PADINPUT" rev="22">
<attrib name="value" value="1"/></item>
<item name="NumNodesOfType_Vcc_PINFEED" rev="22">
<attrib name="value" value="83"/></item>
</group>
<group name="MiscellaneousStatistics">
<item name="AGG_BONDED_IO" rev="21">
<attrib name="value" value="36"/></item>
<item name="AGG_IO" rev="21">
<attrib name="value" value="36"/></item>
<item name="AGG_LOCED_IO" rev="21">
<attrib name="value" value="36"/></item>
<item name="AGG_SLICE" rev="21">
<attrib name="value" value="123"/></item>
<item name="NUM_BONDED_IOB" rev="21">
<attrib name="value" value="36"/></item>
<item name="NUM_BSFULL" rev="21">
<attrib name="value" value="157"/></item>
<item name="NUM_BSLUTONLY" rev="21">
<attrib name="value" value="171"/></item>
<item name="NUM_BSREGONLY" rev="21">
<attrib name="value" value="42"/></item>
<item name="NUM_BSUSED" rev="21">
<attrib name="value" value="370"/></item>
<item name="NUM_BUFG" rev="21">
<attrib name="value" value="3"/></item>
<item name="NUM_LOCED_IOB" rev="21">
<attrib name="value" value="36"/></item>
<item name="NUM_LOGIC_O5ANDO6" rev="21">
<attrib name="value" value="45"/></item>
<item name="NUM_LOGIC_O5ONLY" rev="21">
<attrib name="value" value="24"/></item>
<item name="NUM_LOGIC_O6ONLY" rev="21">
<attrib name="value" value="241"/></item>
<item name="NUM_LUT_RT_DRIVES_CARRY4" rev="21">
<attrib name="value" value="1"/></item>
<item name="NUM_LUT_RT_DRIVES_FLOP" rev="21">
<attrib name="value" value="13"/></item>
<item name="NUM_LUT_RT_EXO5" rev="21">
<attrib name="value" value="13"/></item>
<item name="NUM_LUT_RT_EXO6" rev="21">
<attrib name="value" value="1"/></item>
<item name="NUM_LUT_RT_O5" rev="21">
<attrib name="value" value="1"/></item>
<item name="NUM_LUT_RT_O6" rev="21">
<attrib name="value" value="24"/></item>
<item name="NUM_RAMB8BWER" rev="21">
<attrib name="value" value="1"/></item>
<item name="NUM_SLICEL" rev="21">
<attrib name="value" value="15"/></item>
<item name="NUM_SLICEM" rev="21">
<attrib name="value" value="1"/></item>
<item name="NUM_SLICEX" rev="21">
<attrib name="value" value="107"/></item>
<item name="NUM_SLICE_CARRY4" rev="21">
<attrib name="value" value="7"/></item>
<item name="NUM_SLICE_CONTROLSET" rev="21">
<attrib name="value" value="25"/></item>
<item name="NUM_SLICE_CYINIT" rev="21">
<attrib name="value" value="403"/></item>
<item name="NUM_SLICE_F7MUX" rev="21">
<attrib name="value" value="8"/></item>
<item name="NUM_SLICE_FF" rev="21">
<attrib name="value" value="236"/></item>
<item name="NUM_SLICE_UNUSEDCTRL" rev="21">
<attrib name="value" value="40"/></item>
<item name="NUM_SRL_O5ANDO6" rev="21">
<attrib name="value" value="4"/></item>
<item name="NUM_UNUSABLE_FF_BELS" rev="21">
<attrib name="value" value="84"/></item>
<item name="Xilinx Core fifo_generator_v8_4, Xilinx CORE Generator 13.4" rev="21">
<attrib name="value" value="1"/></item>
</group>
<group name="SiteStatistics">
<item name="BUFG-BUFGMUX" rev="22">
<attrib name="value" value="3"/></item>
<item name="IOB-IOBM" rev="22">
<attrib name="value" value="18"/></item>
<item name="IOB-IOBS" rev="22">
<attrib name="value" value="18"/></item>
<item name="SLICEL-SLICEM" rev="22">
<attrib name="value" value="12"/></item>
<item name="SLICEX-SLICEL" rev="22">
<attrib name="value" value="31"/></item>
<item name="SLICEX-SLICEM" rev="22">
<attrib name="value" value="21"/></item>
</group>
</DesignStatistics>
<DeviceUsage TimeStamp="Tue Feb 18 00:38:00 2014"><group name="SiteSummary">
<item name="BUFG" rev="22">
<attrib name="total" value="1000000"/><attrib name="used" value="3"/></item>
<item name="BUFG_BUFG" rev="22">
<attrib name="total" value="1000000"/><attrib name="used" value="3"/></item>
<item name="CARRY4" rev="22">
<attrib name="total" value="1000000"/><attrib name="used" value="7"/></item>
<item name="FF_SR" rev="22">
<attrib name="total" value="1000000"/><attrib name="used" value="38"/></item>
<item name="HARD0" rev="22">
<attrib name="total" value="1000000"/><attrib name="used" value="1"/></item>
<item name="IOB" rev="22">
<attrib name="total" value="1000000"/><attrib name="used" value="36"/></item>
<item name="IOB_IMUX" rev="22">
<attrib name="total" value="1000000"/><attrib name="used" value="19"/></item>
<item name="IOB_INBUF" rev="22">
<attrib name="total" value="1000000"/><attrib name="used" value="19"/></item>
<item name="IOB_OUTBUF" rev="22">
<attrib name="total" value="1000000"/><attrib name="used" value="17"/></item>
<item name="LUT5" rev="22">
<attrib name="total" value="1000000"/><attrib name="used" value="83"/></item>
<item name="LUT6" rev="22">
<attrib name="total" value="1000000"/><attrib name="used" value="311"/></item>
<item name="LUT_OR_MEM5" rev="22">
<attrib name="total" value="1000000"/><attrib name="used" value="4"/></item>
<item name="LUT_OR_MEM6" rev="22">
<attrib name="total" value="1000000"/><attrib name="used" value="4"/></item>
<item name="PAD" rev="22">
<attrib name="total" value="1000000"/><attrib name="used" value="36"/></item>
<item name="RAMB8BWER" rev="22">
<attrib name="total" value="1000000"/><attrib name="used" value="1"/></item>
<item name="RAMB8BWER_RAMB8BWER" rev="22">
<attrib name="total" value="1000000"/><attrib name="used" value="1"/></item>
<item name="REG_SR" rev="22">
<attrib name="total" value="1000000"/><attrib name="used" value="198"/></item>
<item name="SELMUX2_1" rev="22">
<attrib name="total" value="1000000"/><attrib name="used" value="8"/></item>
<item name="SLICEL" rev="22">
<attrib name="total" value="1000000"/><attrib name="used" value="15"/></item>
<item name="SLICEM" rev="22">
<attrib name="total" value="1000000"/><attrib name="used" value="1"/></item>
<item name="SLICEX" rev="22">
<attrib name="total" value="1000000"/><attrib name="used" value="107"/></item>
</group>
</DeviceUsage>
<ReportConfigData TimeStamp="Tue Feb 18 00:38:00 2014"><group name="REG_SR">
<item name="CK" rev="22">
<attrib name="CK" value="198"/><attrib name="CK_INV" value="0"/></item>
<item name="LATCH_OR_FF" rev="22">
<attrib name="FF" value="198"/></item>
<item name="SRINIT" rev="22">
<attrib name="SRINIT0" value="179"/><attrib name="SRINIT1" value="19"/></item>
<item name="SYNC_ATTR" rev="22">
<attrib name="ASYNC" value="194"/><attrib name="SYNC" value="4"/></item>
</group>
<group name="LUT_OR_MEM5">
<item name="CLK" rev="22">
<attrib name="CLK" value="4"/><attrib name="CLK_INV" value="0"/></item>
<item name="LUT_OR_MEM" rev="22">
<attrib name="RAM" value="4"/></item>
<item name="RAMMODE" rev="22">
<attrib name="SRL16" value="4"/></item>
</group>
<group name="LUT_OR_MEM6">
<item name="CLK" rev="22">
<attrib name="CLK" value="4"/><attrib name="CLK_INV" value="0"/></item>
<item name="LUT_OR_MEM" rev="22">
<attrib name="RAM" value="4"/></item>
<item name="RAMMODE" rev="22">
<attrib name="SRL16" value="4"/></item>
</group>
<group name="SLICEL">
<item name="CLK" rev="22">
<attrib name="CLK" value="2"/><attrib name="CLK_INV" value="0"/></item>
</group>
<group name="SLICEM">
<item name="CLK" rev="22">
<attrib name="CLK" value="1"/><attrib name="CLK_INV" value="0"/></item>
</group>
<group name="IOB_OUTBUF">
<item name="DRIVEATTRBOX" rev="22">
<attrib name="12" value="17"/></item>
<item name="SLEW" rev="22">
<attrib name="SLOW" value="17"/></item>
<item name="SUSPEND" rev="22">
<attrib name="3STATE" value="17"/></item>
</group>
<group name="SLICEX">
<item name="CLK" rev="22">
<attrib name="CLK" value="80"/><attrib name="CLK_INV" value="0"/></item>
</group>
<group name="RAMB8BWER">
<item name="CLKAWRCLK" rev="22">
<attrib name="CLKAWRCLK" value="1"/><attrib name="CLKAWRCLK_INV" value="0"/></item>
<item name="CLKBRDCLK" rev="22">
<attrib name="CLKBRDCLK_INV" value="0"/><attrib name="CLKBRDCLK" value="1"/></item>
<item name="ENAWREN" rev="22">
<attrib name="ENAWREN" value="1"/><attrib name="ENAWREN_INV" value="0"/></item>
<item name="ENBRDEN" rev="22">
<attrib name="ENBRDEN_INV" value="0"/><attrib name="ENBRDEN" value="1"/></item>
<item name="REGCEA" rev="22">
<attrib name="REGCEA_INV" value="0"/><attrib name="REGCEA" value="1"/></item>
<item name="REGCEBREGCE" rev="22">
<attrib name="REGCEBREGCE_INV" value="0"/><attrib name="REGCEBREGCE" value="1"/></item>
<item name="RSTA" rev="22">
<attrib name="RSTA" value="1"/><attrib name="RSTA_INV" value="0"/></item>
<item name="RSTBRST" rev="22">
<attrib name="RSTBRST" value="1"/><attrib name="RSTBRST_INV" value="0"/></item>
<item name="WEAWEL0" rev="22">
<attrib name="WEAWEL0" value="1"/><attrib name="WEAWEL0_INV" value="0"/></item>
<item name="WEAWEL1" rev="22">
<attrib name="WEAWEL1_INV" value="0"/><attrib name="WEAWEL1" value="1"/></item>
<item name="WEBWEU0" rev="22">
<attrib name="WEBWEU0" value="1"/><attrib name="WEBWEU0_INV" value="0"/></item>
<item name="WEBWEU1" rev="22">
<attrib name="WEBWEU1" value="1"/><attrib name="WEBWEU1_INV" value="0"/></item>
</group>
<group name="RAMB8BWER_RAMB8BWER">
<item name="CLKAWRCLK" rev="22">
<attrib name="CLKAWRCLK" value="1"/><attrib name="CLKAWRCLK_INV" value="0"/></item>
<item name="CLKBRDCLK" rev="22">
<attrib name="CLKBRDCLK_INV" value="0"/><attrib name="CLKBRDCLK" value="1"/></item>
<item name="DATA_WIDTH_A" rev="22">
<attrib name="36" value="1"/></item>
<item name="DATA_WIDTH_B" rev="22">
<attrib name="36" value="1"/></item>
<item name="DOA_REG" rev="22">
<attrib name="0" value="1"/></item>
<item name="DOB_REG" rev="22">
<attrib name="0" value="1"/></item>
<item name="ENAWREN" rev="22">
<attrib name="ENAWREN" value="1"/><attrib name="ENAWREN_INV" value="0"/></item>
<item name="ENBRDEN" rev="22">
<attrib name="ENBRDEN_INV" value="0"/><attrib name="ENBRDEN" value="1"/></item>
<item name="EN_RSTRAM_A" rev="22">
<attrib name="TRUE" value="1"/></item>
<item name="EN_RSTRAM_B" rev="22">
<attrib name="TRUE" value="1"/></item>
<item name="RAM_MODE" rev="22">
<attrib name="SDP" value="1"/></item>
<item name="REGCEA" rev="22">
<attrib name="REGCEA_INV" value="0"/><attrib name="REGCEA" value="1"/></item>
<item name="REGCEBREGCE" rev="22">
<attrib name="REGCEBREGCE_INV" value="0"/><attrib name="REGCEBREGCE" value="1"/></item>
<item name="RSTA" rev="22">
<attrib name="RSTA" value="1"/><attrib name="RSTA_INV" value="0"/></item>
<item name="RSTBRST" rev="22">
<attrib name="RSTBRST" value="1"/><attrib name="RSTBRST_INV" value="0"/></item>
<item name="RSTTYPE" rev="22">
<attrib name="SYNC" value="1"/></item>
<item name="RST_PRIORITY_A" rev="22">
<attrib name="CE" value="1"/></item>
<item name="RST_PRIORITY_B" rev="22">
<attrib name="CE" value="1"/></item>
<item name="WEAWEL0" rev="22">
<attrib name="WEAWEL0" value="1"/><attrib name="WEAWEL0_INV" value="0"/></item>
<item name="WEAWEL1" rev="22">
<attrib name="WEAWEL1_INV" value="0"/><attrib name="WEAWEL1" value="1"/></item>
<item name="WEBWEU0" rev="22">
<attrib name="WEBWEU0" value="1"/><attrib name="WEBWEU0_INV" value="0"/></item>
<item name="WEBWEU1" rev="22">
<attrib name="WEBWEU1" value="1"/><attrib name="WEBWEU1_INV" value="0"/></item>
<item name="WRITE_MODE_A" rev="22">
<attrib name="WRITE_FIRST" value="1"/></item>
<item name="WRITE_MODE_B" rev="22">
<attrib name="WRITE_FIRST" value="1"/></item>
</group>
<group name="FF_SR">
<item name="CK" rev="22">
<attrib name="CK" value="38"/><attrib name="CK_INV" value="0"/></item>
<item name="SRINIT" rev="22">
<attrib name="SRINIT0" value="37"/><attrib name="SRINIT1" value="1"/></item>
<item name="SYNC_ATTR" rev="22">
<attrib name="ASYNC" value="38"/></item>
</group>
</ReportConfigData>
<ReportPinData TimeStamp="Tue Feb 18 00:38:00 2014"><group name="REG_SR">
<item name="CE" rev="22">
<attrib name="value" value="111"/></item>
<item name="CK" rev="22">
<attrib name="value" value="198"/></item>
<item name="D" rev="22">
<attrib name="value" value="198"/></item>
<item name="Q" rev="22">
<attrib name="value" value="198"/></item>
<item name="SR" rev="22">
<attrib name="value" value="143"/></item>
</group>
<group name="LUT_OR_MEM5">
<item name="A1" rev="22">
<attrib name="value" value="4"/></item>
<item name="A2" rev="22">
<attrib name="value" value="4"/></item>
<item name="A3" rev="22">
<attrib name="value" value="4"/></item>
<item name="A4" rev="22">
<attrib name="value" value="4"/></item>
<item name="A5" rev="22">
<attrib name="value" value="4"/></item>
<item name="CLK" rev="22">
<attrib name="value" value="4"/></item>
<item name="DI1" rev="22">
<attrib name="value" value="4"/></item>
<item name="O5" rev="22">
<attrib name="value" value="4"/></item>
<item name="WE" rev="22">
<attrib name="value" value="4"/></item>
</group>
<group name="LUT_OR_MEM6">
<item name="A1" rev="22">
<attrib name="value" value="4"/></item>
<item name="A2" rev="22">
<attrib name="value" value="4"/></item>
<item name="A3" rev="22">
<attrib name="value" value="4"/></item>
<item name="A4" rev="22">
<attrib name="value" value="4"/></item>
<item name="A5" rev="22">
<attrib name="value" value="4"/></item>
<item name="A6" rev="22">
<attrib name="value" value="4"/></item>
<item name="CLK" rev="22">
<attrib name="value" value="4"/></item>
<item name="DI2" rev="22">
<attrib name="value" value="4"/></item>
<item name="O6" rev="22">
<attrib name="value" value="4"/></item>
<item name="WE" rev="22">
<attrib name="value" value="4"/></item>
</group>
<group name="SLICEL">
<item name="A" rev="22">
<attrib name="value" value="5"/></item>
<item name="A1" rev="22">
<attrib name="value" value="6"/></item>
<item name="A2" rev="22">
<attrib name="value" value="6"/></item>
<item name="A3" rev="22">
<attrib name="value" value="6"/></item>
<item name="A4" rev="22">
<attrib name="value" value="6"/></item>
<item name="A5" rev="22">
<attrib name="value" value="13"/></item>
<item name="A6" rev="22">
<attrib name="value" value="13"/></item>
<item name="AMUX" rev="22">
<attrib name="value" value="8"/></item>
<item name="AQ" rev="22">
<attrib name="value" value="1"/></item>
<item name="B" rev="22">
<attrib name="value" value="6"/></item>
<item name="B1" rev="22">
<attrib name="value" value="4"/></item>
<item name="B2" rev="22">
<attrib name="value" value="4"/></item>
<item name="B3" rev="22">
<attrib name="value" value="5"/></item>
<item name="B4" rev="22">
<attrib name="value" value="5"/></item>
<item name="B5" rev="22">
<attrib name="value" value="12"/></item>
<item name="B6" rev="22">
<attrib name="value" value="13"/></item>
<item name="BMUX" rev="22">
<attrib name="value" value="8"/></item>
<item name="C1" rev="22">
<attrib name="value" value="6"/></item>
<item name="C2" rev="22">
<attrib name="value" value="7"/></item>
<item name="C3" rev="22">
<attrib name="value" value="8"/></item>
<item name="C4" rev="22">
<attrib name="value" value="8"/></item>
<item name="C5" rev="22">
<attrib name="value" value="14"/></item>
<item name="C6" rev="22">
<attrib name="value" value="14"/></item>
<item name="CIN" rev="22">
<attrib name="value" value="6"/></item>
<item name="CLK" rev="22">
<attrib name="value" value="2"/></item>
<item name="CMUX" rev="22">
<attrib name="value" value="13"/></item>
<item name="COUT" rev="22">
<attrib name="value" value="6"/></item>
<item name="CQ" rev="22">
<attrib name="value" value="1"/></item>
<item name="CX" rev="22">
<attrib name="value" value="8"/></item>
<item name="D1" rev="22">
<attrib name="value" value="7"/></item>
<item name="D2" rev="22">
<attrib name="value" value="8"/></item>
<item name="D3" rev="22">
<attrib name="value" value="8"/></item>
<item name="D4" rev="22">
<attrib name="value" value="8"/></item>
<item name="D5" rev="22">
<attrib name="value" value="14"/></item>
<item name="D6" rev="22">
<attrib name="value" value="14"/></item>
<item name="DMUX" rev="22">
<attrib name="value" value="6"/></item>
<item name="SR" rev="22">
<attrib name="value" value="2"/></item>
</group>
<group name="SLICEM">
<item name="A1" rev="22">
<attrib name="value" value="1"/></item>
<item name="A2" rev="22">
<attrib name="value" value="1"/></item>
<item name="A3" rev="22">
<attrib name="value" value="1"/></item>
<item name="A4" rev="22">
<attrib name="value" value="1"/></item>
<item name="A5" rev="22">
<attrib name="value" value="1"/></item>
<item name="A6" rev="22">
<attrib name="value" value="1"/></item>
<item name="AI" rev="22">
<attrib name="value" value="1"/></item>
<item name="AMUX" rev="22">
<attrib name="value" value="1"/></item>
<item name="AQ" rev="22">
<attrib name="value" value="1"/></item>
<item name="AX" rev="22">
<attrib name="value" value="1"/></item>
<item name="B1" rev="22">
<attrib name="value" value="1"/></item>
<item name="B2" rev="22">
<attrib name="value" value="1"/></item>
<item name="B3" rev="22">
<attrib name="value" value="1"/></item>
<item name="B4" rev="22">
<attrib name="value" value="1"/></item>
<item name="B5" rev="22">
<attrib name="value" value="1"/></item>
<item name="B6" rev="22">
<attrib name="value" value="1"/></item>
<item name="BI" rev="22">
<attrib name="value" value="1"/></item>
<item name="BMUX" rev="22">
<attrib name="value" value="1"/></item>
<item name="BQ" rev="22">
<attrib name="value" value="1"/></item>
<item name="BX" rev="22">
<attrib name="value" value="1"/></item>
<item name="C1" rev="22">
<attrib name="value" value="1"/></item>
<item name="C2" rev="22">
<attrib name="value" value="1"/></item>
<item name="C3" rev="22">
<attrib name="value" value="1"/></item>
<item name="C4" rev="22">
<attrib name="value" value="1"/></item>
<item name="C5" rev="22">
<attrib name="value" value="1"/></item>
<item name="C6" rev="22">
<attrib name="value" value="1"/></item>
<item name="CE" rev="22">
<attrib name="value" value="1"/></item>
<item name="CI" rev="22">
<attrib name="value" value="1"/></item>
<item name="CLK" rev="22">
<attrib name="value" value="1"/></item>
<item name="CMUX" rev="22">
<attrib name="value" value="1"/></item>
<item name="CQ" rev="22">
<attrib name="value" value="1"/></item>
<item name="CX" rev="22">
<attrib name="value" value="1"/></item>
<item name="D1" rev="22">
<attrib name="value" value="1"/></item>
<item name="D2" rev="22">
<attrib name="value" value="1"/></item>
<item name="D3" rev="22">
<attrib name="value" value="1"/></item>
<item name="D4" rev="22">
<attrib name="value" value="1"/></item>
<item name="D5" rev="22">
<attrib name="value" value="1"/></item>
<item name="D6" rev="22">
<attrib name="value" value="1"/></item>
<item name="DI" rev="22">
<attrib name="value" value="1"/></item>
<item name="DMUX" rev="22">
<attrib name="value" value="1"/></item>
<item name="DQ" rev="22">
<attrib name="value" value="1"/></item>
<item name="DX" rev="22">
<attrib name="value" value="1"/></item>
</group>
<group name="IOB_OUTBUF">
<item name="IN" rev="22">
<attrib name="value" value="17"/></item>
<item name="OUT" rev="22">
<attrib name="value" value="17"/></item>
</group>
<group name="SLICEX">
<item name="A" rev="22">
<attrib name="value" value="37"/></item>
<item name="A1" rev="22">
<attrib name="value" value="42"/></item>
<item name="A2" rev="22">
<attrib name="value" value="45"/></item>
<item name="A3" rev="22">
<attrib name="value" value="67"/></item>
<item name="A4" rev="22">
<attrib name="value" value="79"/></item>
<item name="A5" rev="22">
<attrib name="value" value="75"/></item>
<item name="A6" rev="22">
<attrib name="value" value="78"/></item>
<item name="AMUX" rev="22">
<attrib name="value" value="17"/></item>
<item name="AQ" rev="22">
<attrib name="value" value="64"/></item>
<item name="AX" rev="22">
<attrib name="value" value="22"/></item>
<item name="B" rev="22">
<attrib name="value" value="38"/></item>
<item name="B1" rev="22">
<attrib name="value" value="48"/></item>
<item name="B2" rev="22">
<attrib name="value" value="56"/></item>
<item name="B3" rev="22">
<attrib name="value" value="58"/></item>
<item name="B4" rev="22">
<attrib name="value" value="65"/></item>
<item name="B5" rev="22">
<attrib name="value" value="62"/></item>
<item name="B6" rev="22">
<attrib name="value" value="64"/></item>
<item name="BMUX" rev="22">
<attrib name="value" value="15"/></item>
<item name="BQ" rev="22">
<attrib name="value" value="45"/></item>
<item name="BX" rev="22">
<attrib name="value" value="18"/></item>
<item name="C" rev="22">
<attrib name="value" value="22"/></item>
<item name="C1" rev="22">
<attrib name="value" value="24"/></item>
<item name="C2" rev="22">
<attrib name="value" value="32"/></item>
<item name="C3" rev="22">
<attrib name="value" value="51"/></item>
<item name="C4" rev="22">
<attrib name="value" value="58"/></item>
<item name="C5" rev="22">
<attrib name="value" value="57"/></item>
<item name="C6" rev="22">
<attrib name="value" value="58"/></item>
<item name="CE" rev="22">
<attrib name="value" value="41"/></item>
<item name="CLK" rev="22">
<attrib name="value" value="80"/></item>
<item name="CMUX" rev="22">
<attrib name="value" value="12"/></item>
<item name="CQ" rev="22">
<attrib name="value" value="49"/></item>
<item name="CX" rev="22">
<attrib name="value" value="13"/></item>
<item name="D" rev="22">
<attrib name="value" value="40"/></item>
<item name="D1" rev="22">
<attrib name="value" value="36"/></item>
<item name="D2" rev="22">
<attrib name="value" value="48"/></item>
<item name="D3" rev="22">
<attrib name="value" value="50"/></item>
<item name="D4" rev="22">
<attrib name="value" value="56"/></item>
<item name="D5" rev="22">
<attrib name="value" value="54"/></item>
<item name="D6" rev="22">
<attrib name="value" value="57"/></item>
<item name="DMUX" rev="22">
<attrib name="value" value="12"/></item>
<item name="DQ" rev="22">
<attrib name="value" value="34"/></item>
<item name="DX" rev="22">
<attrib name="value" value="14"/></item>
<item name="SR" rev="22">
<attrib name="value" value="55"/></item>
</group>
<group name="BUFG_BUFG">
<item name="I0" rev="22">
<attrib name="value" value="3"/></item>
<item name="O" rev="22">
<attrib name="value" value="3"/></item>
</group>
<group name="PAD">
<item name="PAD" rev="22">
<attrib name="value" value="36"/></item>
</group>
<group name="IOB_INBUF">
<item name="OUT" rev="22">
<attrib name="value" value="19"/></item>
<item name="PAD" rev="22">
<attrib name="value" value="19"/></item>
</group>
<group name="RAMB8BWER">
<item name="ADDRAWRADDR0" rev="22">
<attrib name="value" value="1"/></item>
<item name="ADDRAWRADDR1" rev="22">
<attrib name="value" value="1"/></item>
<item name="ADDRAWRADDR10" rev="22">
<attrib name="value" value="1"/></item>
<item name="ADDRAWRADDR11" rev="22">
<attrib name="value" value="1"/></item>
<item name="ADDRAWRADDR12" rev="22">
<attrib name="value" value="1"/></item>
<item name="ADDRAWRADDR2" rev="22">
<attrib name="value" value="1"/></item>
<item name="ADDRAWRADDR3" rev="22">
<attrib name="value" value="1"/></item>
<item name="ADDRAWRADDR4" rev="22">
<attrib name="value" value="1"/></item>
<item name="ADDRAWRADDR5" rev="22">
<attrib name="value" value="1"/></item>
<item name="ADDRAWRADDR6" rev="22">
<attrib name="value" value="1"/></item>
<item name="ADDRAWRADDR7" rev="22">
<attrib name="value" value="1"/></item>
<item name="ADDRAWRADDR8" rev="22">
<attrib name="value" value="1"/></item>
<item name="ADDRAWRADDR9" rev="22">
<attrib name="value" value="1"/></item>
<item name="ADDRBRDADDR0" rev="22">
<attrib name="value" value="1"/></item>
<item name="ADDRBRDADDR1" rev="22">
<attrib name="value" value="1"/></item>
<item name="ADDRBRDADDR10" rev="22">
<attrib name="value" value="1"/></item>
<item name="ADDRBRDADDR11" rev="22">
<attrib name="value" value="1"/></item>
<item name="ADDRBRDADDR12" rev="22">
<attrib name="value" value="1"/></item>
<item name="ADDRBRDADDR2" rev="22">
<attrib name="value" value="1"/></item>
<item name="ADDRBRDADDR3" rev="22">
<attrib name="value" value="1"/></item>
<item name="ADDRBRDADDR4" rev="22">
<attrib name="value" value="1"/></item>
<item name="ADDRBRDADDR5" rev="22">
<attrib name="value" value="1"/></item>
<item name="ADDRBRDADDR6" rev="22">
<attrib name="value" value="1"/></item>
<item name="ADDRBRDADDR7" rev="22">
<attrib name="value" value="1"/></item>
<item name="ADDRBRDADDR8" rev="22">
<attrib name="value" value="1"/></item>
<item name="ADDRBRDADDR9" rev="22">
<attrib name="value" value="1"/></item>
<item name="CLKAWRCLK" rev="22">
<attrib name="value" value="1"/></item>
<item name="CLKBRDCLK" rev="22">
<attrib name="value" value="1"/></item>
<item name="DIADI0" rev="22">
<attrib name="value" value="1"/></item>
<item name="DIADI1" rev="22">
<attrib name="value" value="1"/></item>
<item name="DIADI10" rev="22">
<attrib name="value" value="1"/></item>
<item name="DIADI11" rev="22">
<attrib name="value" value="1"/></item>
<item name="DIADI12" rev="22">
<attrib name="value" value="1"/></item>
<item name="DIADI13" rev="22">
<attrib name="value" value="1"/></item>
<item name="DIADI14" rev="22">
<attrib name="value" value="1"/></item>
<item name="DIADI15" rev="22">
<attrib name="value" value="1"/></item>
<item name="DIADI2" rev="22">
<attrib name="value" value="1"/></item>
<item name="DIADI3" rev="22">
<attrib name="value" value="1"/></item>
<item name="DIADI4" rev="22">
<attrib name="value" value="1"/></item>
<item name="DIADI5" rev="22">
<attrib name="value" value="1"/></item>
<item name="DIADI6" rev="22">
<attrib name="value" value="1"/></item>
<item name="DIADI7" rev="22">
<attrib name="value" value="1"/></item>
<item name="DIADI8" rev="22">
<attrib name="value" value="1"/></item>
<item name="DIADI9" rev="22">
<attrib name="value" value="1"/></item>
<item name="DIBDI0" rev="22">
<attrib name="value" value="1"/></item>
<item name="DIBDI1" rev="22">
<attrib name="value" value="1"/></item>
<item name="DIBDI10" rev="22">
<attrib name="value" value="1"/></item>
<item name="DIBDI11" rev="22">
<attrib name="value" value="1"/></item>
<item name="DIBDI12" rev="22">
<attrib name="value" value="1"/></item>
<item name="DIBDI13" rev="22">
<attrib name="value" value="1"/></item>
<item name="DIBDI14" rev="22">
<attrib name="value" value="1"/></item>
<item name="DIBDI15" rev="22">
<attrib name="value" value="1"/></item>
<item name="DIBDI2" rev="22">
<attrib name="value" value="1"/></item>
<item name="DIBDI3" rev="22">
<attrib name="value" value="1"/></item>
<item name="DIBDI4" rev="22">
<attrib name="value" value="1"/></item>
<item name="DIBDI5" rev="22">
<attrib name="value" value="1"/></item>
<item name="DIBDI6" rev="22">
<attrib name="value" value="1"/></item>
<item name="DIBDI7" rev="22">
<attrib name="value" value="1"/></item>
<item name="DIBDI8" rev="22">
<attrib name="value" value="1"/></item>
<item name="DIBDI9" rev="22">
<attrib name="value" value="1"/></item>
<item name="DIPADIP0" rev="22">
<attrib name="value" value="1"/></item>
<item name="DIPADIP1" rev="22">
<attrib name="value" value="1"/></item>
<item name="DIPBDIP0" rev="22">
<attrib name="value" value="1"/></item>
<item name="DIPBDIP1" rev="22">
<attrib name="value" value="1"/></item>
<item name="DOADO0" rev="22">
<attrib name="value" value="1"/></item>
<item name="DOADO8" rev="22">
<attrib name="value" value="1"/></item>
<item name="DOBDO0" rev="22">
<attrib name="value" value="1"/></item>
<item name="DOBDO8" rev="22">
<attrib name="value" value="1"/></item>
<item name="ENAWREN" rev="22">
<attrib name="value" value="1"/></item>
<item name="ENBRDEN" rev="22">
<attrib name="value" value="1"/></item>
<item name="REGCEA" rev="22">
<attrib name="value" value="1"/></item>
<item name="REGCEBREGCE" rev="22">
<attrib name="value" value="1"/></item>
<item name="RSTA" rev="22">
<attrib name="value" value="1"/></item>
<item name="RSTBRST" rev="22">
<attrib name="value" value="1"/></item>
<item name="WEAWEL0" rev="22">
<attrib name="value" value="1"/></item>
<item name="WEAWEL1" rev="22">
<attrib name="value" value="1"/></item>
<item name="WEBWEU0" rev="22">
<attrib name="value" value="1"/></item>
<item name="WEBWEU1" rev="22">
<attrib name="value" value="1"/></item>
</group>
<group name="CARRY4">
<item name="CIN" rev="22">
<attrib name="value" value="6"/></item>
<item name="CO3" rev="22">
<attrib name="value" value="6"/></item>
<item name="CYINIT" rev="22">
<attrib name="value" value="1"/></item>
<item name="DI0" rev="22">
<attrib name="value" value="7"/></item>
<item name="DI1" rev="22">
<attrib name="value" value="6"/></item>
<item name="DI2" rev="22">
<attrib name="value" value="6"/></item>
<item name="DI3" rev="22">
<attrib name="value" value="6"/></item>
<item name="O0" rev="22">
<attrib name="value" value="7"/></item>
<item name="O1" rev="22">
<attrib name="value" value="7"/></item>
<item name="O2" rev="22">
<attrib name="value" value="6"/></item>
<item name="O3" rev="22">
<attrib name="value" value="6"/></item>
<item name="S0" rev="22">
<attrib name="value" value="7"/></item>
<item name="S1" rev="22">
<attrib name="value" value="7"/></item>
<item name="S2" rev="22">
<attrib name="value" value="6"/></item>
<item name="S3" rev="22">
<attrib name="value" value="6"/></item>
</group>
<group name="LUT5">
<item name="A1" rev="22">
<attrib name="value" value="24"/></item>
<item name="A2" rev="22">
<attrib name="value" value="28"/></item>
<item name="A3" rev="22">
<attrib name="value" value="37"/></item>
<item name="A4" rev="22">
<attrib name="value" value="47"/></item>
<item name="A5" rev="22">
<attrib name="value" value="30"/></item>
<item name="O5" rev="22">
<attrib name="value" value="83"/></item>
</group>
<group name="LUT6">
<item name="A1" rev="22">
<attrib name="value" value="153"/></item>
<item name="A2" rev="22">
<attrib name="value" value="191"/></item>
<item name="A3" rev="22">
<attrib name="value" value="240"/></item>
<item name="A4" rev="22">
<attrib name="value" value="273"/></item>
<item name="A5" rev="22">
<attrib name="value" value="300"/></item>
<item name="A6" rev="22">
<attrib name="value" value="311"/></item>
<item name="O6" rev="22">
<attrib name="value" value="311"/></item>
</group>
<group name="RAMB8BWER_RAMB8BWER">
<item name="ADDRAWRADDR0" rev="22">
<attrib name="value" value="1"/></item>
<item name="ADDRAWRADDR1" rev="22">
<attrib name="value" value="1"/></item>
<item name="ADDRAWRADDR10" rev="22">
<attrib name="value" value="1"/></item>
<item name="ADDRAWRADDR11" rev="22">
<attrib name="value" value="1"/></item>
<item name="ADDRAWRADDR12" rev="22">
<attrib name="value" value="1"/></item>
<item name="ADDRAWRADDR2" rev="22">
<attrib name="value" value="1"/></item>
<item name="ADDRAWRADDR3" rev="22">
<attrib name="value" value="1"/></item>
<item name="ADDRAWRADDR4" rev="22">
<attrib name="value" value="1"/></item>
<item name="ADDRAWRADDR5" rev="22">
<attrib name="value" value="1"/></item>
<item name="ADDRAWRADDR6" rev="22">
<attrib name="value" value="1"/></item>
<item name="ADDRAWRADDR7" rev="22">
<attrib name="value" value="1"/></item>
<item name="ADDRAWRADDR8" rev="22">
<attrib name="value" value="1"/></item>
<item name="ADDRAWRADDR9" rev="22">
<attrib name="value" value="1"/></item>
<item name="ADDRBRDADDR0" rev="22">
<attrib name="value" value="1"/></item>
<item name="ADDRBRDADDR1" rev="22">
<attrib name="value" value="1"/></item>
<item name="ADDRBRDADDR10" rev="22">
<attrib name="value" value="1"/></item>
<item name="ADDRBRDADDR11" rev="22">
<attrib name="value" value="1"/></item>
<item name="ADDRBRDADDR12" rev="22">
<attrib name="value" value="1"/></item>
<item name="ADDRBRDADDR2" rev="22">
<attrib name="value" value="1"/></item>
<item name="ADDRBRDADDR3" rev="22">
<attrib name="value" value="1"/></item>
<item name="ADDRBRDADDR4" rev="22">
<attrib name="value" value="1"/></item>
<item name="ADDRBRDADDR5" rev="22">
<attrib name="value" value="1"/></item>
<item name="ADDRBRDADDR6" rev="22">
<attrib name="value" value="1"/></item>
<item name="ADDRBRDADDR7" rev="22">
<attrib name="value" value="1"/></item>
<item name="ADDRBRDADDR8" rev="22">
<attrib name="value" value="1"/></item>
<item name="ADDRBRDADDR9" rev="22">
<attrib name="value" value="1"/></item>
<item name="CLKAWRCLK" rev="22">
<attrib name="value" value="1"/></item>
<item name="CLKBRDCLK" rev="22">
<attrib name="value" value="1"/></item>
<item name="DIADI0" rev="22">
<attrib name="value" value="1"/></item>
<item name="DIADI1" rev="22">
<attrib name="value" value="1"/></item>
<item name="DIADI10" rev="22">
<attrib name="value" value="1"/></item>
<item name="DIADI11" rev="22">
<attrib name="value" value="1"/></item>
<item name="DIADI12" rev="22">
<attrib name="value" value="1"/></item>
<item name="DIADI13" rev="22">
<attrib name="value" value="1"/></item>
<item name="DIADI14" rev="22">
<attrib name="value" value="1"/></item>
<item name="DIADI15" rev="22">
<attrib name="value" value="1"/></item>
<item name="DIADI2" rev="22">
<attrib name="value" value="1"/></item>
<item name="DIADI3" rev="22">
<attrib name="value" value="1"/></item>
<item name="DIADI4" rev="22">
<attrib name="value" value="1"/></item>
<item name="DIADI5" rev="22">
<attrib name="value" value="1"/></item>
<item name="DIADI6" rev="22">
<attrib name="value" value="1"/></item>
<item name="DIADI7" rev="22">
<attrib name="value" value="1"/></item>
<item name="DIADI8" rev="22">
<attrib name="value" value="1"/></item>
<item name="DIADI9" rev="22">
<attrib name="value" value="1"/></item>
<item name="DIBDI0" rev="22">
<attrib name="value" value="1"/></item>
<item name="DIBDI1" rev="22">
<attrib name="value" value="1"/></item>
<item name="DIBDI10" rev="22">
<attrib name="value" value="1"/></item>
<item name="DIBDI11" rev="22">
<attrib name="value" value="1"/></item>
<item name="DIBDI12" rev="22">
<attrib name="value" value="1"/></item>
<item name="DIBDI13" rev="22">
<attrib name="value" value="1"/></item>
<item name="DIBDI14" rev="22">
<attrib name="value" value="1"/></item>
<item name="DIBDI15" rev="22">
<attrib name="value" value="1"/></item>
<item name="DIBDI2" rev="22">
<attrib name="value" value="1"/></item>
<item name="DIBDI3" rev="22">
<attrib name="value" value="1"/></item>
<item name="DIBDI4" rev="22">
<attrib name="value" value="1"/></item>
<item name="DIBDI5" rev="22">
<attrib name="value" value="1"/></item>
<item name="DIBDI6" rev="22">
<attrib name="value" value="1"/></item>
<item name="DIBDI7" rev="22">
<attrib name="value" value="1"/></item>
<item name="DIBDI8" rev="22">
<attrib name="value" value="1"/></item>
<item name="DIBDI9" rev="22">
<attrib name="value" value="1"/></item>
<item name="DIPADIP0" rev="22">
<attrib name="value" value="1"/></item>
<item name="DIPADIP1" rev="22">
<attrib name="value" value="1"/></item>
<item name="DIPBDIP0" rev="22">
<attrib name="value" value="1"/></item>
<item name="DIPBDIP1" rev="22">
<attrib name="value" value="1"/></item>
<item name="DOADO0" rev="22">
<attrib name="value" value="1"/></item>
<item name="DOADO8" rev="22">
<attrib name="value" value="1"/></item>
<item name="DOBDO0" rev="22">
<attrib name="value" value="1"/></item>
<item name="DOBDO8" rev="22">
<attrib name="value" value="1"/></item>
<item name="ENAWREN" rev="22">
<attrib name="value" value="1"/></item>
<item name="ENBRDEN" rev="22">
<attrib name="value" value="1"/></item>
<item name="REGCEA" rev="22">
<attrib name="value" value="1"/></item>
<item name="REGCEBREGCE" rev="22">
<attrib name="value" value="1"/></item>
<item name="RSTA" rev="22">
<attrib name="value" value="1"/></item>
<item name="RSTBRST" rev="22">
<attrib name="value" value="1"/></item>
<item name="WEAWEL0" rev="22">
<attrib name="value" value="1"/></item>
<item name="WEAWEL1" rev="22">
<attrib name="value" value="1"/></item>
<item name="WEBWEU0" rev="22">
<attrib name="value" value="1"/></item>
<item name="WEBWEU1" rev="22">
<attrib name="value" value="1"/></item>
</group>
<group name="SELMUX2_1">
<item name="0" rev="22">
<attrib name="value" value="8"/></item>
<item name="1" rev="22">
<attrib name="value" value="8"/></item>
<item name="OUT" rev="22">
<attrib name="value" value="8"/></item>
<item name="S0" rev="22">
<attrib name="value" value="8"/></item>
</group>
<group name="IOB_IMUX">
<item name="I" rev="22">
<attrib name="value" value="19"/></item>
<item name="OUT" rev="22">
<attrib name="value" value="19"/></item>
</group>
<group name="IOB">
<item name="I" rev="22">
<attrib name="value" value="19"/></item>
<item name="O" rev="22">
<attrib name="value" value="17"/></item>
<item name="PAD" rev="22">
<attrib name="value" value="36"/></item>
</group>
<group name="HARD0">
<item name="0" rev="22">
<attrib name="value" value="1"/></item>
</group>
<group name="FF_SR">
<item name="CE" rev="22">
<attrib name="value" value="15"/></item>
<item name="CK" rev="22">
<attrib name="value" value="38"/></item>
<item name="D" rev="22">
<attrib name="value" value="38"/></item>
<item name="Q" rev="22">
<attrib name="value" value="38"/></item>
<item name="SR" rev="22">
<attrib name="value" value="33"/></item>
</group>
<group name="BUFG">
<item name="I0" rev="22">
<attrib name="value" value="3"/></item>
<item name="O" rev="22">
<attrib name="value" value="3"/></item>
</group>
</ReportPinData>
<CmdHistory>
</CmdHistory>
</DeviceUsageSummary>
